{"cameraMode":{"drawMode":0,"name":"Shaded","section":"Shading Mode"},"sceneLighting":true,"audioPlay":false,"sceneViewState":{"m_AlwaysRefresh":false,"showFog":true,"showSkybox":true,"showFlares":true,"showImageEffects":true,"showParticleSystems":true,"showVisualEffectGraphs":true,"m_FxEnabled":true},"in2DMode":false,"pivot":{"x":2.451190233230591,"y":4.089121341705322,"z":-7.312474727630615},"rotation":{"x":0.27120155096054079,"y":0.03319329395890236,"z":-0.009361091069877148,"w":0.9618996381759644},"size":0.9457213878631592,"orthographic":false}