{"cameraMode":{"drawMode":0,"name":"Shaded","section":"Shading Mode"},"sceneLighting":true,"audioPlay":false,"sceneViewState":{"m_AlwaysRefresh":false,"showFog":true,"showSkybox":true,"showFlares":true,"showImageEffects":true,"showParticleSystems":true,"showVisualEffectGraphs":true,"m_FxEnabled":true},"in2DMode":false,"pivot":{"x":1.190605878829956,"y":4.761055946350098,"z":-5.417936325073242},"rotation":{"x":-0.20242178440093995,"y":-0.14424850046634675,"z":0.030160104855895044,"w":-0.9681584239006043},"size":0.3271186649799347,"orthographic":false}