{"cameraMode":{"drawMode":0,"name":"Shaded","section":"Shading Mode"},"sceneLighting":true,"audioPlay":false,"sceneViewState":{"m_AlwaysRefresh":false,"showFog":true,"showSkybox":true,"showFlares":true,"showImageEffects":true,"showParticleSystems":true,"showVisualEffectGraphs":true,"m_FxEnabled":true},"in2DMode":false,"pivot":{"x":92.46025848388672,"y":728.7769165039063,"z":-106.64815521240235},"rotation":{"x":0.14529410004615785,"y":-0.000004972190254193265,"z":5.49043477349187e-7,"w":0.9893920421600342},"size":0.8660253882408142,"orthographic":false}