{"cameraMode":{"drawMode":0,"name":"Shaded","section":"Shading Mode"},"sceneLighting":true,"audioPlay":false,"sceneViewState":{"m_AlwaysRefresh":false,"showFog":true,"showSkybox":true,"showFlares":true,"showImageEffects":true,"showParticleSystems":true,"showVisualEffectGraphs":true,"m_FxEnabled":true},"in2DMode":false,"pivot":{"x":-25.27936363220215,"y":-18.041431427001954,"z":112.12410736083985},"rotation":{"x":-0.08501920849084854,"y":0.12579500675201417,"z":-0.010818777605891228,"w":-0.9883608818054199},"size":58.163639068603519,"orthographic":false}