{"cameraMode":{"drawMode":0,"name":"Shaded","section":"Shading Mode"},"sceneLighting":true,"audioPlay":false,"sceneViewState":{"m_AlwaysRefresh":false,"showFog":true,"showSkybox":true,"showFlares":true,"showImageEffects":true,"showParticleSystems":true,"showVisualEffectGraphs":true,"m_FxEnabled":true},"in2DMode":false,"pivot":{"x":-2.438079595565796,"y":3.0464653968811037,"z":-6.591162204742432},"rotation":{"x":0.08223405480384827,"y":-0.10742666572332382,"z":0.008914530277252198,"w":0.9907544851303101},"size":2.7048230171203615,"orthographic":false}