{"cameraMode":{"drawMode":0,"name":"Shaded","section":"Shading Mode"},"sceneLighting":true,"audioPlay":false,"sceneViewState":{"m_AlwaysRefresh":false,"showFog":true,"showSkybox":true,"showFlares":true,"showImageEffects":true,"showParticleSystems":true,"showVisualEffectGraphs":true,"m_FxEnabled":true},"in2DMode":false,"pivot":{"x":1.396881341934204,"y":4.844167709350586,"z":-12.586799621582032},"rotation":{"x":0.2028886377811432,"y":0.11717977374792099,"z":-0.024465380236506463,"w":0.9718447923660278},"size":0.9457213878631592,"orthographic":false}