{"cameraMode":{"drawMode":0,"name":"Shaded","section":"Shading Mode"},"sceneLighting":true,"audioPlay":false,"sceneViewState":{"m_AlwaysRefresh":false,"showFog":true,"showSkybox":true,"showFlares":true,"showImageEffects":true,"showParticleSystems":true,"showVisualEffectGraphs":true,"m_FxEnabled":true},"in2DMode":false,"pivot":{"x":2.5856120586395265,"y":2.039837121963501,"z":-8.699568748474121},"rotation":{"x":0.014711447060108185,"y":-0.006319073494523764,"z":-0.000027810157916974276,"w":0.9999347925186157},"size":0.988278865814209,"orthographic":false}