{"cameraMode":{"drawMode":0,"name":"Shaded","section":"Shading Mode"},"sceneLighting":true,"audioPlay":false,"sceneViewState":{"m_AlwaysRefresh":false,"showFog":true,"showSkybox":true,"showFlares":true,"showImageEffects":true,"showParticleSystems":true,"showVisualEffectGraphs":true,"m_FxEnabled":true},"in2DMode":false,"pivot":{"x":0.783008337020874,"y":3.6227688789367677,"z":2.522043228149414},"rotation":{"x":0.32857075333595278,"y":-0.13508546352386475,"z":0.04755987226963043,"w":0.933578610420227},"size":0.2849150598049164,"orthographic":false}